Ticker,2021-02-01,2021-02-02,2021-02-03,2021-02-04,2021-02-05,2021-02-06,2021-02-07,2021-02-08,2021-02-09,2021-02-10,2021-02-11,2021-02-12,2021-02-13,2021-02-14,2021-02-15,2021-02-16,2021-02-17,2021-02-18,2021-02-19,2021-02-20,2021-02-21,2021-02-22,2021-02-23,2021-02-24,2021-02-25,2021-02-26,2021-02-27,2021-02-28,2021-03-01,2021-03-02,2021-03-03,2021-03-04,2021-03-05,2021-03-06,2021-03-07,2021-03-08,2021-03-09,2021-03-10,2021-03-11,2021-03-12,2021-03-13,2021-03-14,2021-03-15,2021-03-16,2021-03-17,2021-03-18,2021-03-19,2021-03-20,2021-03-21,2021-03-22,2021-03-23,2021-03-24,2021-03-25,2021-03-26,2021-03-27,2021-03-28,2021-03-29,2021-03-30,2021-03-31,2021-04-01,2021-04-02,2021-04-03,2021-04-04,2021-04-05,2021-04-06,2021-04-07,2021-04-08,2021-04-09,2021-04-10,2021-04-11,2021-04-12,2021-04-13,2021-04-14,2021-04-15,2021-04-16,2021-04-17,2021-04-18,2021-04-19,2021-04-20,2021-04-21,2021-04-22,2021-04-23,2021-04-24,2021-04-25,2021-04-26,2021-04-27,2021-04-28,2021-04-29,2021-04-30,2021-05-01,2021-05-02,2021-05-03,2021-05-04,2021-05-05,2021-05-06,2021-05-07,2021-05-08,2021-05-09,2021-05-10,2021-05-11,2021-05-12
AMG,1.61,1.6,1.6,1.62,1.62,1.62,1.62,1.66,1.66,1.63,1.63,1.63,1.63,1.63,1.66,1.8,1.8,1.8,1.8,1.8,1.8,1.64,1.63,1.8,1.8,1.64,1.64,1.64,1.8,1.57,1.8,1.8,1.87,1.87,1.87,1.9,1.77,1.84,1.8,1.7,1.7,1.7,1.75,1.84,1.89,1.96,2.08,2.08,2.08,2.02,2.01,2.06,2.04,2.08,2.08,2.08,1.96,2.08,2.08,2.08,2.08,2.08,2.08,2.08,1.73,1.71,1.71,1.9,1.9,1.9,1.8,1.82,1.82,1.73,1.73,1.73,1.73,1.75,1.74,1.82,1.8,1.73,1.73,1.73,1.72,1.75,1.73,1.78,1.77,1.77,1.77,1.79,1.79,1.79,1.79,1.79,1.79,1.79,1.74,1.74,1.74
BIL,82.29,82.32,82.36,81.49,81.06,81.06,81.06,81.57,80.01,79.35,79.44,80.1,80.1,80.1,80.89,81.5,81.5,81.51,81.55,81.55,81.55,81.05,80.39,81.55,81.13,81.22,81.22,81.22,81.6,80.53,80.96,81.35,81.31,81.31,81.31,81.34,81.05,81.26,81.16,80.55,80.55,80.55,80.22,80.26,80.22,80.25,80.27,80.27,80.27,80.03,80.05,80.94,83.48,83.83,83.83,83.83,83.93,84.02,84.82,88.0,88.0,88.0,88.0,88.0,86.24,86.86,85.13,87.0,87.0,87.0,86.5,86.5,86.49,85.43,85.22,85.22,85.22,85.49,85.82,85.74,86.0,86.23,86.23,86.23,86.28,86.51,85.47,84.69,84.79,84.79,84.79,84.94,84.91,84.96,87.6,86.56,86.56,86.56,85.84,86.19,86.09
CAC9.50,1.11,1.11,1.11,1.11,1.11,1.11,1.11,1.2,1.02,1.01,1.01,1.15,1.15,1.15,1.15,1.1,1.1,1.1,1.1,1.1,1.1,1.1,1.1,1.1,1.1,1.1,1.1,1.1,1.1,1.1,1.1,1.1,1.06,1.06,1.06,1.06,1.06,1.06,1.05,1.06,1.06,1.06,1.11,1.11,1.11,1.11,1.2,1.2,1.2,1.41,1.15,1.15,1.3,1.3,1.3,1.3,1.15,1.15,1.15,1.15,1.15,1.15,1.15,1.15,1.15,1.2,1.2,1.38,1.38,1.38,1.48,1.47,1.42,1.42,1.36,1.36,1.36,1.11,1.11,1.4,1.4,1.38,1.38,1.38,1.38,1.4,1.4,1.4,1.4,1.4,1.4,1.25,1.0,1.0,1.0,1.0,1.0,1.0,1.0,1.0,1.0
CABROKERS,1.82,1.84,1.84,1.85,1.81,1.81,1.81,1.81,1.85,1.8,1.8,1.77,1.77,1.77,1.79,1.78,1.78,1.76,1.73,1.73,1.73,1.85,1.8,1.85,1.85,1.8,1.8,1.8,1.75,1.85,1.76,1.84,1.81,1.81,1.81,1.84,1.93,1.87,2.31,2.24,2.24,2.24,1.88,2.22,2.32,2.06,2.19,2.19,2.19,2.04,2.04,2.04,2.04,1.91,1.91,1.91,1.84,1.84,2.0,1.9,1.9,1.9,1.9,1.9,2.14,2.01,2.11,2.18,2.18,2.18,2.1,2.11,2.03,2.09,2.17,2.17,2.17,2.04,2.05,2.0,2.08,2.05,2.05,2.05,1.97,2.14,1.98,2.01,2.05,2.05,2.05,2.05,2.08,1.98,2.07,2.06,2.06,2.06,1.98,1.92,1.97
KREMI,5.05,5.04,4.95,5.0,5.0,5.0,5.0,4.95,4.95,4.97,4.97,4.99,4.99,4.99,4.65,4.65,4.65,4.65,4.65,4.65,4.65,4.65,4.65,4.84,4.84,4.8,4.8,4.8,4.65,4.65,4.67,4.79,4.65,4.65,4.65,4.76,4.88,4.81,4.85,4.85,4.85,4.85,4.85,4.9,4.74,4.53,4.87,4.87,4.87,4.95,4.93,5.05,5.05,5.05,5.05,5.05,4.99,4.99,5.05,5.09,5.09,5.09,5.09,5.09,5.25,5.51,6.34,6.36,6.36,6.36,5.32,6.0,6.0,5.8,6.01,6.01,6.01,6.32,6.06,6.3,6.16,6.29,6.29,6.29,6.15,5.61,5.61,6.19,5.81,5.81,5.81,5.94,6.1,5.91,6.0,5.86,5.86,5.86,5.34,6.05,5.98
CFF,2.09,1.95,2.02,2.0,2.04,2.04,2.04,2.05,2.03,2.03,1.98,2.0,2.0,2.0,2.05,1.97,1.97,1.9,1.99,1.99,1.99,1.99,1.94,2.11,2.11,2.11,2.11,2.11,1.96,2.09,2.44,2.5,2.45,2.45,2.45,2.5,2.48,2.47,2.47,2.39,2.39,2.39,2.43,2.42,2.29,2.29,2.31,2.31,2.31,2.23,2.33,2.25,2.27,2.05,2.05,2.05,2.24,2.26,2.27,2.27,2.27,2.27,2.27,2.27,2.21,2.2,2.2,2.27,2.27,2.27,2.17,2.2,2.2,2.19,2.21,2.21,2.21,2.22,2.21,2.34,2.34,2.34,2.34,2.34,2.22,2.0,2.23,2.38,2.25,2.25,2.25,2.26,2.29,2.31,2.34,2.2,2.2,2.2,2.25,2.35,2.3
CPJ,2.74,2.71,2.63,2.63,2.65,2.65,2.65,2.81,2.8,2.76,2.65,2.78,2.78,2.78,2.68,2.79,2.79,2.67,2.67,2.67,2.67,2.82,3.5,3.77,3.59,3.44,3.44,3.44,2.96,3.0,2.96,2.99,3.24,3.24,3.24,3.2,3.2,3.05,3.19,3.19,3.19,3.19,3.2,3.0,3.06,3.03,3.08,3.08,3.08,3.1,3.14,3.21,3.37,3.4,3.4,3.4,3.38,3.42,3.48,3.51,3.51,3.51,3.51,3.51,3.5,3.54,3.68,3.75,3.75,3.75,3.65,3.75,3.7,3.76,3.75,3.75,3.75,3.77,3.74,3.71,3.88,3.83,3.83,3.83,3.89,3.84,3.79,3.84,3.87,3.87,3.87,3.88,3.89,3.85,3.71,3.72,3.72,3.72,3.75,3.75,3.75
CBNY,0.24,0.22,0.26,0.26,0.35,0.35,0.35,0.3,0.35,0.37,0.43,0.51,0.51,0.51,0.61,0.81,0.81,0.94,1.24,1.24,1.24,1.38,1.48,1.84,2.13,1.66,1.66,1.66,1.22,1.04,0.88,0.75,0.64,0.64,0.64,0.46,0.46,0.46,0.28,0.22,0.22,0.22,0.25,0.39,0.52,0.68,0.9,0.9,0.9,0.81,0.58,0.52,0.64,0.6,0.6,0.6,0.59,0.61,0.52,0.59,0.59,0.59,0.59,0.59,0.57,0.54,0.55,0.57,0.57,0.57,0.61,0.55,0.59,0.59,0.56,0.56,0.56,0.56,0.55,0.54,0.53,0.53,0.53,0.53,0.47,0.44,0.47,0.49,0.49,0.49,0.49,0.48,0.5,0.5,0.49,0.47,0.47,0.47,0.48,0.47,0.48
CWJDEFERREDA,2.08,1.9,1.95,2.08,1.85,1.85,1.85,2.0,1.92,2.08,2.08,2.08,2.08,2.08,2.08,2.08,2.08,1.96,1.91,1.91,1.91,1.91,2.07,2.07,1.91,2.08,2.08,2.08,2.08,2.08,2.08,2.08,2.08,2.08,2.08,2.08,2.08,2.08,2.02,1.99,1.99,1.99,1.99,1.99,1.99,2.0,2.0,2.0,2.0,2.1,2.1,2.09,2.09,2.08,2.08,2.08,2.08,2.08,2.09,2.09,2.09,2.09,2.09,2.09,2.07,2.05,2.05,2.05,2.05,2.05,2.0,2.0,2.04,2.0,2.0,2.0,2.0,1.95,1.95,1.95,2.0,2.0,2.0,2.0,2.0,2.04,2.01,2.01,1.98,1.98,1.98,1.98,2.0,2.0,2.0,2.0,2.0,2.0,2.0,2.0,2.0
PURITY,1.52,1.56,1.5,1.41,1.34,1.34,1.34,1.34,1.39,1.32,1.32,1.47,1.47,1.47,1.31,1.48,1.48,1.49,1.49,1.49,1.49,1.5,1.52,1.52,1.52,1.41,1.41,1.41,1.35,1.35,1.32,1.32,1.32,1.32,1.32,1.32,1.49,1.49,1.5,1.5,1.5,1.5,1.55,1.63,1.59,1.6,1.63,1.63,1.63,1.36,1.36,1.39,1.4,1.54,1.54,1.54,1.53,1.52,1.52,1.52,1.52,1.52,1.52,1.52,1.34,1.54,1.75,1.38,1.38,1.38,1.35,1.35,1.64,1.6,1.75,1.75,1.75,1.73,1.78,1.67,1.51,1.51,1.51,1.51,1.56,1.73,1.7,1.7,1.59,1.59,1.59,1.65,1.65,1.65,1.65,1.41,1.41,1.41,1.41,1.65,1.65
ELITE,2.95,2.95,2.76,2.95,2.75,2.75,2.75,3.0,3.0,2.8,2.77,2.99,2.99,2.99,2.83,2.8,2.8,2.99,2.85,2.85,2.85,2.76,2.76,2.76,2.8,2.8,2.8,2.8,3.0,2.9,2.9,3.0,3.0,3.0,3.0,3.0,2.98,2.86,2.91,2.86,2.86,2.86,2.9,2.9,2.99,3.0,2.99,2.99,2.99,2.89,2.89,2.89,2.89,2.89,2.89,2.89,2.93,3.0,2.99,2.99,2.99,2.99,2.99,2.99,3.14,3.14,3.14,3.14,3.14,3.14,3.2,2.97,3.15,3.15,2.9,2.9,2.9,3.15,2.91,2.92,3.04,3.1,3.1,3.1,3.1,3.09,3.13,3.12,3.06,3.06,3.06,3.13,3.1,3.13,3.09,3.12,3.12,3.12,3.13,2.81,3.13
CPFV,46.24,46.8,46.8,43.0,41.06,41.06,41.06,47.15,41.07,41.15,41.15,41.36,41.36,41.36,41.5,41.65,41.65,43.41,41.52,41.52,41.52,41.52,41.52,41.28,41.61,41.61,41.61,41.61,40.03,40.03,41.03,41.01,41.01,41.01,41.01,41.01,41.5,42.0,41.0,41.0,41.0,41.0,41.0,40.04,40.04,41.0,40.5,40.5,40.5,41.09,40.47,42.0,42.73,44.51,44.51,44.51,46.0,46.47,46.55,40.38,40.38,40.38,40.38,40.38,40.38,40.38,40.38,44.5,44.5,44.5,44.5,40.45,41.23,40.74,40.34,40.34,40.34,40.29,40.29,40.02,40.05,40.14,40.14,40.14,40.05,40.05,41.67,41.67,40.9,40.9,40.9,40.74,40.01,40.26,40.94,42.25,42.25,42.25,42.91,42.91,44.93
FIRSTROCKUSD,0.09,0.09,0.08,0.08,0.09,0.09,0.09,0.09,0.09,0.08,0.08,0.08,0.08,0.08,0.09,0.09,0.09,0.09,0.09,0.09,0.09,0.09,0.09,0.09,0.09,0.09,0.09,0.09,0.09,0.09,0.09,0.09,0.09,0.09,0.09,0.08,0.08,0.09,0.09,0.09,0.09,0.09,0.09,0.09,0.08,0.08,0.09,0.09,0.09,0.09,0.09,0.09,0.09,0.09,0.09,0.09,0.09,0.09,0.09,0.09,0.09,0.09,0.09,0.09,0.09,0.09,0.09,0.09,0.09,0.09,0.09,0.09,0.09,0.09,0.09,0.09,0.09,0.09,0.09,0.09,0.09,0.09,0.09,0.09,0.09,0.09,0.09,0.08,0.09,0.09,0.09,0.09,0.09,0.09,0.09,0.09,0.09,0.09,0.09,0.09,0.1
GENAC,6.0,6.0,6.15,5.99,6.05,6.05,6.05,5.93,5.84,5.27,5.26,5.4,5.4,5.4,5.59,5.39,5.39,5.21,5.3,5.3,5.3,5.65,5.55,5.51,5.5,5.78,5.78,5.78,5.51,5.53,5.51,5.92,5.93,5.93,5.93,5.93,5.95,5.9,5.9,5.9,5.9,5.9,5.85,5.7,5.7,5.7,5.51,5.51,5.51,5.56,5.84,5.84,5.83,5.56,5.56,5.56,5.5,5.84,5.84,5.84,5.84,5.84,5.84,5.84,5.78,5.78,5.8,5.78,5.78,5.78,5.52,5.84,5.8,5.8,5.85,5.85,5.85,5.85,5.55,5.55,5.78,5.84,5.84,5.84,5.84,5.78,5.78,5.79,5.84,5.84,5.84,5.84,5.8,5.67,5.67,5.75,5.75,5.75,5.84,5.91,6.26
GK,72.33,73.78,76.36,74.28,73.59,73.59,73.59,74.48,75.43,80.71,81.79,81.55,81.55,81.55,81.4,75.83,75.83,78.01,76.98,76.98,76.98,77.54,79.75,79.46,81.09,81.99,81.99,81.99,89.85,87.71,90.18,90.18,89.09,89.09,89.09,89.22,89.82,89.94,90.02,91.0,91.0,91.0,88.36,89.4,89.08,88.85,86.21,86.21,86.21,86.62,87.42,87.66,88.33,88.19,88.19,88.19,87.81,87.39,87.64,88.41,88.41,88.41,88.41,88.41,88.44,88.06,88.08,87.9,87.9,87.9,87.81,87.31,87.44,87.47,87.43,87.43,87.43,87.41,87.04,87.38,87.22,87.94,87.94,87.94,87.98,87.49,88.15,88.25,88.0,88.0,88.0,81.28,87.52,87.95,88.5,88.47,88.47,88.47,88.52,88.62,88.66
ICREATE,0.62,0.59,0.57,0.56,0.56,0.56,0.56,0.57,0.57,0.58,0.59,0.58,0.58,0.58,0.56,0.56,0.56,0.56,0.6,0.6,0.6,0.6,0.64,0.76,0.88,0.93,0.93,0.93,0.94,0.82,0.66,0.7,0.75,0.75,0.75,0.73,0.75,0.84,0.85,0.76,0.76,0.76,0.76,0.84,0.79,0.76,0.76,0.76,0.76,0.76,0.76,0.78,0.81,0.78,0.78,0.78,0.78,0.78,0.81,0.8,0.8,0.8,0.8,0.8,0.82,0.81,0.8,0.8,0.8,0.8,0.8,0.74,0.79,0.8,0.78,0.78,0.78,0.76,0.75,0.73,0.74,0.76,0.76,0.76,0.78,0.79,0.76,0.79,0.75,0.75,0.75,0.78,0.74,0.8,0.8,0.77,0.77,0.77,0.76,0.79,0.74
JBG,29.26,29.67,26.33,27.71,28.02,28.02,28.02,28.61,28.66,27.79,26.71,28.96,28.96,28.96,28.96,28.72,28.72,28.31,28.79,28.79,28.79,28.81,27.33,28.79,28.67,28.91,28.91,28.91,28.73,28.27,28.66,28.95,31.01,31.01,31.01,29.62,29.91,29.64,29.5,30.12,30.12,30.12,29.96,29.97,29.98,29.77,29.64,29.64,29.64,29.77,29.67,29.04,29.26,29.41,29.41,29.41,29.34,28.23,29.14,29.32,29.32,29.32,29.32,29.32,28.69,29.25,29.47,29.16,29.16,29.16,29.1,29.49,29.49,29.12,29.45,29.45,29.45,29.19,29.13,29.48,29.01,28.21,28.21,28.21,28.89,29.92,30.11,30.57,28.97,28.97,28.97,28.22,30.9,30.23,30.47,30.38,30.38,30.38,30.15,33.06,34.27
JAMT,2.97,2.94,2.84,2.72,2.68,2.68,2.68,2.88,2.86,2.9,2.94,3.08,3.08,3.08,3.32,3.67,3.67,3.55,3.46,3.46,3.46,3.38,3.32,3.28,3.18,3.03,3.03,3.03,3.01,3.08,3.1,3.13,3.17,3.17,3.17,3.15,3.11,3.06,3.06,3.25,3.25,3.25,3.12,3.11,3.07,3.27,3.24,3.24,3.24,3.27,3.26,3.26,3.22,3.17,3.17,3.17,3.17,3.14,3.15,3.2,3.2,3.2,3.2,3.2,3.16,3.14,3.11,3.03,3.03,3.03,3.21,3.25,3.21,3.22,3.29,3.29,3.29,3.34,3.37,3.43,3.5,3.51,3.51,3.51,3.36,3.59,3.67,3.86,4.01,4.01,4.01,4.06,4.02,4.02,4.18,4.06,4.06,4.06,4.09,4.08,3.94
JETCON,0.68,0.66,0.66,0.68,0.74,0.74,0.74,0.73,0.74,0.73,0.69,0.69,0.69,0.69,0.7,0.7,0.7,0.67,0.76,0.76,0.76,0.69,0.78,0.75,0.76,0.73,0.73,0.73,0.73,0.74,0.74,0.79,0.8,0.8,0.8,0.71,0.79,0.75,0.78,0.76,0.76,0.76,0.75,0.75,0.77,0.78,0.78,0.78,0.78,0.78,0.78,0.7,0.77,0.75,0.75,0.75,0.78,0.76,0.76,0.76,0.76,0.76,0.76,0.76,0.76,0.71,0.71,0.74,0.74,0.74,0.73,0.72,0.76,0.78,0.78,0.78,0.78,0.81,0.8,0.78,0.78,0.78,0.78,0.78,0.82,0.83,0.85,0.86,0.85,0.85,0.85,0.95,0.85,0.92,0.91,0.89,0.89,0.89,0.91,0.85,0.91
JMMBGL,31.66,32.26,32.06,32.49,31.83,31.83,31.83,32.06,31.96,32.02,32.42,32.3,32.3,32.3,32.56,33.01,33.01,33.05,32.81,32.81,32.81,32.72,32.67,32.66,32.78,32.74,32.74,32.74,32.68,32.65,32.74,32.9,32.83,32.83,32.83,32.74,32.87,32.16,32.8,32.79,32.79,32.79,32.05,31.77,32.28,32.56,32.36,32.36,32.36,32.53,31.31,32.66,32.76,32.2,32.2,32.2,32.08,32.58,32.87,32.89,32.89,32.89,32.89,32.89,32.93,32.78,32.47,31.95,31.95,31.95,31.79,31.83,31.9,31.97,31.94,31.94,31.94,31.97,31.9,31.99,31.95,32.5,32.5,32.5,32.57,32.69,32.98,32.91,32.98,32.98,32.98,32.94,32.36,32.86,33.04,32.99,32.99,32.99,32.84,32.66,32.54
KW,48.18,46.81,46.23,46.33,45.1,45.1,45.1,45.28,45.55,47.71,45.91,47.36,47.36,47.36,47.25,45.19,45.19,48.0,46.25,46.25,46.25,45.16,46.2,46.21,45.01,45.73,45.73,45.73,46.19,45.73,45.05,46.66,46.66,46.66,46.66,44.98,44.98,44.48,44.82,44.78,44.78,44.78,44.29,44.99,44.99,44.0,44.0,44.0,44.0,44.0,43.96,43.98,44.0,44.0,44.0,44.0,44.0,44.0,44.0,43.89,43.89,43.89,43.89,43.89,43.64,43.83,43.65,43.9,43.9,43.9,43.56,43.88,43.45,43.84,43.6,43.6,43.6,43.38,43.01,43.79,43.8,43.79,43.79,43.79,43.65,43.56,43.8,43.75,43.8,43.8,43.8,43.8,43.79,43.8,43.67,43.81,43.81,43.81,43.81,44.32,44.71
LASM,3.95,3.83,3.88,4.16,4.29,4.29,4.29,4.39,4.4,4.36,4.25,4.28,4.28,4.28,4.33,4.86,4.86,4.7,4.75,4.75,4.75,4.55,4.62,4.69,4.65,4.65,4.65,4.65,4.36,4.3,4.57,4.28,4.44,4.44,4.44,4.4,4.3,4.37,4.55,4.44,4.44,4.44,4.56,4.39,4.3,4.33,4.34,4.34,4.34,4.43,4.56,4.53,4.46,4.58,4.58,4.58,4.45,4.41,4.5,4.54,4.54,4.54,4.54,4.54,4.55,4.3,4.53,4.54,4.54,4.54,4.54,4.56,4.52,4.58,4.55,4.55,4.55,4.59,4.58,4.64,4.99,5.02,5.02,5.02,5.4,5.25,5.21,5.21,5.12,5.12,5.12,5.15,5.12,5.04,4.88,5.09,5.09,5.09,5.16,5.2,5.3
LUMBER,1.97,1.99,1.97,2.0,2.01,2.01,2.01,2.0,2.1,1.99,2.07,2.15,2.15,2.15,2.45,2.64,2.64,2.68,2.51,2.51,2.51,2.53,2.49,2.49,2.51,2.52,2.52,2.52,2.62,2.64,2.62,2.66,2.63,2.63,2.63,2.69,2.61,2.56,2.69,2.56,2.56,2.56,2.53,2.44,2.5,2.58,2.56,2.56,2.56,2.51,2.5,2.39,2.32,2.37,2.37,2.37,2.32,2.29,2.31,2.3,2.3,2.3,2.3,2.3,2.31,2.26,2.23,2.31,2.31,2.31,2.37,2.42,2.35,2.36,2.24,2.24,2.24,2.39,2.44,2.42,2.44,2.45,2.45,2.45,2.49,2.51,2.57,2.74,2.91,2.91,2.91,2.92,2.86,2.67,2.69,2.76,2.76,2.76,2.74,2.74,2.77
MAILPAC,3.97,3.98,3.98,3.99,4.01,4.01,4.01,4.02,4.03,3.99,3.94,3.94,3.94,3.94,3.43,3.48,3.48,3.69,3.71,3.71,3.71,3.42,3.56,3.6,3.65,3.63,3.63,3.63,3.6,3.39,3.37,3.47,3.33,3.33,3.33,3.36,3.39,3.4,3.42,3.39,3.39,3.39,3.36,3.3,3.35,3.37,3.38,3.38,3.38,3.37,3.42,3.4,3.4,3.45,3.45,3.45,3.45,3.48,3.48,3.41,3.41,3.41,3.41,3.41,3.47,3.51,3.43,3.54,3.54,3.54,3.51,3.49,3.39,3.49,3.4,3.4,3.4,3.49,3.51,3.49,3.54,3.48,3.48,3.48,3.51,3.53,3.53,3.53,3.6,3.6,3.6,3.57,3.72,3.73,3.67,3.71,3.71,3.71,3.81,3.9,3.97
MDS,4.2,4.2,4.13,4.2,4.46,4.46,4.46,4.39,4.0,4.12,4.0,4.47,4.47,4.47,4.46,4.46,4.46,4.45,4.45,4.45,4.45,4.0,4.2,4.16,4.2,4.31,4.31,4.31,4.5,4.3,4.3,4.3,4.3,4.3,4.3,4.21,4.13,4.6,4.6,4.6,4.6,4.6,4.14,4.14,4.74,4.73,4.73,4.73,4.73,4.73,4.15,4.15,4.73,4.73,4.73,4.73,4.65,4.65,4.15,4.2,4.2,4.2,4.2,4.2,4.56,4.56,4.5,4.5,4.5,4.5,4.5,4.35,4.25,4.33,4.33,4.33,4.33,4.35,4.21,4.5,4.19,4.19,4.19,4.19,4.19,4.2,4.43,4.43,4.43,4.43,4.43,4.7,5.35,5.44,5.29,5.28,5.28,5.28,4.98,4.57,4.57
MPCCEL,145.0,145.01,137.0,137.0,137.0,137.0,137.0,140.01,140.01,137.01,137.01,137.01,137.01,137.01,137.01,136.59,136.59,156.0,155.0,155.0,155.0,155.0,155.0,155.0,155.0,145.35,145.35,145.35,145.35,150.0,150.0,154.0,154.0,154.0,154.0,154.0,140.0,140.0,140.0,140.0,140.0,140.0,140.83,140.83,140.0,140.0,139.0,139.0,139.0,139.0,139.07,139.07,139.07,139.07,139.07,139.07,139.07,139.07,139.07,139.07,139.07,139.07,139.07,139.07,130.0,129.53,129.91,129.91,129.91,129.91,129.0,128.5,128.0,128.0,128.0,128.0,128.0,128.0,127.55,127.55,127.55,128.0,128.0,128.0,128.0,128.0,128.0,128.0,128.0,128.0,128.0,128.0,128.0,128.0,128.0,128.0,128.0,128.0,126.93,127.0,127.0
NCBFG,136.18,135.94,136.5,137.31,137.02,137.02,137.02,136.02,133.08,135.07,136.49,137.99,137.99,137.99,138.68,138.83,138.83,140.07,140.3,140.3,140.3,141.09,140.99,140.64,141.32,142.23,142.23,142.23,143.33,142.01,141.35,141.89,141.24,141.24,141.24,140.45,139.28,140.02,141.98,141.98,141.98,141.98,142.03,143.53,141.31,142.0,143.06,143.06,143.06,141.21,140.19,138.72,139.16,139.66,139.66,139.66,138.77,139.32,139.1,139.16,139.16,139.16,139.16,139.16,137.36,136.83,137.72,137.1,137.1,137.1,137.07,137.57,139.42,142.17,140.1,140.1,140.1,140.3,139.94,141.02,141.77,141.32,141.32,141.32,140.69,139.95,139.98,139.63,139.09,139.09,139.09,137.53,137.88,138.56,138.77,141.26,141.26,141.26,141.81,141.53,139.47
QWI,0.94,0.94,0.96,0.99,1.01,1.01,1.01,1.03,1.07,1.13,1.19,1.17,1.17,1.17,1.09,1.04,1.04,1.04,1.04,1.04,1.04,1.05,1.0,0.99,1.0,1.01,1.01,1.01,1.02,1.0,0.98,1.01,0.99,0.99,0.99,0.98,0.92,0.9,0.88,0.9,0.9,0.9,0.9,0.95,0.93,0.94,0.91,0.91,0.91,0.92,0.91,0.93,0.91,0.91,0.91,0.91,0.9,0.91,0.9,0.9,0.9,0.9,0.9,0.9,0.9,0.9,0.92,0.93,0.93,0.93,0.91,0.92,0.94,0.94,0.92,0.92,0.92,0.93,0.92,0.92,0.91,0.93,0.93,0.93,0.93,0.94,0.95,0.97,0.99,0.99,0.99,0.99,0.99,1.01,1.0,1.0,1.0,1.0,1.0,0.98,0.96
RJR,1.47,1.4,1.38,1.37,1.37,1.37,1.37,1.4,1.38,1.47,1.41,1.47,1.47,1.47,1.54,1.75,1.75,1.76,1.59,1.59,1.59,1.42,1.48,1.42,1.43,1.43,1.43,1.43,1.5,1.44,1.44,1.51,1.45,1.45,1.45,1.5,1.45,1.45,1.48,1.48,1.48,1.48,1.47,1.46,1.47,1.51,1.5,1.5,1.5,1.53,1.52,1.51,1.49,1.46,1.46,1.46,1.46,1.5,1.45,1.45,1.45,1.45,1.45,1.45,1.54,1.6,1.64,1.61,1.61,1.61,1.45,1.45,1.45,1.48,1.61,1.61,1.61,1.56,1.52,1.6,1.63,1.59,1.59,1.59,1.62,1.57,1.55,1.57,1.57,1.57,1.57,1.6,1.63,1.64,1.65,1.57,1.57,1.57,1.64,1.64,1.62
SELECTF,0.62,0.61,0.61,0.61,0.61,0.61,0.61,0.62,0.62,0.62,0.61,0.62,0.62,0.62,0.62,0.62,0.62,0.64,0.62,0.62,0.62,0.62,0.61,0.61,0.62,0.63,0.63,0.63,0.63,0.61,0.62,0.62,0.6,0.6,0.6,0.6,0.6,0.6,0.59,0.6,0.6,0.6,0.6,0.61,0.61,0.62,0.62,0.62,0.62,0.63,0.61,0.61,0.6,0.6,0.6,0.6,0.61,0.6,0.6,0.61,0.61,0.61,0.61,0.61,0.6,0.61,0.6,0.6,0.6,0.6,0.6,0.6,0.6,0.61,0.61,0.61,0.61,0.61,0.61,0.59,0.61,0.61,0.61,0.61,0.59,0.6,0.6,0.61,0.6,0.6,0.6,0.6,0.6,0.61,0.61,0.63,0.63,0.63,0.62,0.65,0.64
SALF,39.06,37.64,39.82,44.32,44.24,44.24,44.24,47.89,43.75,40.09,40.84,40.01,40.01,40.01,40.0,40.2,40.2,40.0,40.0,40.0,40.0,38.09,39.79,41.64,42.09,44.0,44.0,44.0,42.08,41.68,40.27,43.03,44.04,44.04,44.04,44.5,44.12,41.02,44.5,43.54,43.54,43.54,42.5,42.49,44.46,43.39,44.09,44.09,44.09,41.52,42.52,44.41,44.07,44.4,44.4,44.4,44.11,5.08,6.66,6.13,6.13,6.13,6.13,6.13,5.56,5.15,5.2,5.19,5.19,5.19,4.65,5.06,5.04,5.2,5.22,5.22,5.22,5.27,5.28,5.4,6.12,6.48,6.48,6.48,6.79,6.65,7.2,7.22,7.45,7.45,7.45,8.15,9.52,9.77,9.68,9.4,9.4,9.4,8.74,7.73,7.07
SGJ,43.26,43.17,43.54,43.23,43.72,43.72,43.72,44.87,44.09,42.79,41.01,42.71,42.71,42.71,42.09,42.24,42.24,42.26,41.04,41.04,41.04,42.44,41.81,42.4,42.49,42.09,42.09,42.09,39.54,41.59,42.33,41.97,42.91,42.91,42.91,43.58,41.99,41.29,42.75,43.98,43.98,43.98,43.24,43.05,42.72,41.61,42.0,42.0,42.0,41.28,40.21,41.15,40.61,41.25,41.25,41.25,41.36,41.52,41.06,40.85,40.85,40.85,40.85,40.85,41.69,41.99,40.89,41.0,41.0,41.0,40.73,41.45,41.71,41.86,41.68,41.68,41.68,41.64,41.62,41.96,41.21,41.86,41.86,41.86,41.39,42.01,41.79,41.37,42.01,42.01,42.01,39.54,41.93,42.0,41.85,41.78,41.78,41.78,41.16,40.39,41.95
SOS,4.54,4.37,4.29,4.29,4.29,4.29,4.29,4.53,4.5,4.5,4.29,4.29,4.29,4.29,4.3,4.53,4.53,4.22,4.53,4.53,4.53,4.53,4.35,4.53,4.3,4.18,4.18,4.18,4.18,4.53,4.53,4.53,4.53,4.53,4.53,4.55,5.19,4.71,4.77,4.61,4.61,4.61,4.64,4.64,4.64,4.69,4.69,4.69,4.69,5.58,5.57,4.77,5.3,5.3,5.3,5.3,5.3,5.5,5.5,4.78,4.78,4.78,4.78,4.78,5.46,5.48,5.56,5.49,5.49,5.49,5.4,5.49,4.8,4.8,4.8,4.8,4.8,4.8,4.62,4.79,5.5,5.51,5.51,5.51,5.5,5.54,6.02,5.7,5.72,5.72,5.72,6.3,6.3,5.61,5.61,6.26,6.26,6.26,5.67,6.0,6.0
SVL,17.29,16.87,16.87,17.07,17.12,17.12,17.12,16.98,16.83,16.94,16.79,14.69,14.69,14.69,15.1,15.8,15.8,15.17,15.61,15.61,15.61,15.83,15.69,15.89,15.7,15.67,15.67,15.67,16.48,16.32,15.37,15.04,15.44,15.44,15.44,15.61,15.45,15.93,15.86,15.87,15.87,15.87,15.41,15.07,15.13,15.11,15.18,15.18,15.18,15.39,15.39,15.36,15.19,15.27,15.27,15.27,15.19,13.58,14.89,15.11,15.11,15.11,15.11,15.11,15.29,15.38,15.51,16.0,16.0,16.0,15.7,14.82,15.1,15.23,15.91,15.91,15.91,14.79,14.74,15.93,16.0,15.66,15.66,15.66,15.93,16.11,16.74,17.79,17.48,17.48,17.48,17.5,17.77,17.67,17.26,17.31,17.31,17.31,17.09,17.94,17.91
SCIJMDUSD,0.13,0.13,0.12,0.12,0.12,0.12,0.12,0.12,0.12,0.12,0.12,0.15,0.15,0.15,0.15,0.15,0.15,0.12,0.12,0.12,0.12,0.12,0.12,0.12,0.12,0.12,0.12,0.12,0.12,0.12,0.12,0.12,0.12,0.12,0.12,0.12,0.12,0.12,0.12,0.12,0.12,0.12,0.12,0.12,0.12,0.12,0.12,0.12,0.12,0.12,0.12,0.12,0.12,0.12,0.12,0.12,0.12,0.12,0.12,0.12,0.12,0.12,0.12,0.12,0.12,0.12,0.12,0.12,0.12,0.12,0.12,0.12,0.12,0.12,0.12,0.12,0.12,0.12,0.12,0.12,0.12,0.12,0.12,0.12,0.12,0.15,0.15,0.15,0.15,0.15,0.15,0.15,0.15,0.15,0.15,0.15,0.15,0.15,0.15,0.15,0.15
SCIUSD,0.15,0.16,0.15,0.15,0.16,0.16,0.16,0.15,0.15,0.16,0.16,0.15,0.15,0.15,0.15,0.15,0.15,0.14,0.14,0.14,0.14,0.14,0.15,0.14,0.14,0.15,0.15,0.15,0.14,0.14,0.13,0.14,0.14,0.14,0.14,0.14,0.14,0.14,0.14,0.14,0.14,0.14,0.14,0.14,0.13,0.14,0.14,0.14,0.14,0.14,0.14,0.14,0.14,0.14,0.14,0.14,0.14,0.15,0.14,0.15,0.15,0.15,0.15,0.15,0.15,0.16,0.15,0.15,0.15,0.15,0.15,0.14,0.14,0.15,0.15,0.15,0.15,0.15,0.14,0.15,0.14,0.14,0.14,0.14,0.15,0.15,0.15,0.15,0.15,0.15,0.15,0.15,0.15,0.15,0.15,0.15,0.15,0.15,0.15,0.15,0.15
LAB,2.68,2.71,2.69,2.55,2.52,2.52,2.52,2.59,2.53,2.51,2.5,2.52,2.52,2.52,2.5,2.51,2.51,2.51,2.5,2.5,2.5,2.6,2.53,2.54,2.57,2.69,2.69,2.69,2.76,2.71,2.65,2.66,2.67,2.67,2.67,2.62,2.5,2.51,2.5,2.49,2.49,2.49,2.5,2.51,2.62,2.88,2.8,2.8,2.8,2.8,2.7,2.77,2.72,2.7,2.7,2.7,2.7,2.78,2.7,2.75,2.75,2.75,2.75,2.75,2.75,2.71,2.71,2.73,2.73,2.73,2.77,2.8,2.8,2.8,2.8,2.8,2.8,2.8,2.81,2.83,2.81,2.82,2.82,2.82,2.81,2.8,2.8,2.78,2.75,2.75,2.75,2.79,2.72,2.74,2.74,2.78,2.78,2.78,2.84,2.91,2.94
TROPICAL,1.13,1.14,1.15,1.17,1.17,1.17,1.17,1.16,1.16,1.18,1.2,1.18,1.18,1.18,1.17,1.17,1.17,1.16,1.17,1.17,1.17,1.14,1.15,1.18,1.18,1.16,1.16,1.16,1.16,1.16,1.17,1.17,1.13,1.13,1.13,1.16,1.15,1.14,1.15,1.17,1.17,1.17,1.18,1.2,1.21,1.21,1.16,1.16,1.16,1.15,1.16,1.15,1.14,1.12,1.12,1.12,1.14,1.14,1.12,1.13,1.13,1.13,1.13,1.13,1.13,1.11,1.11,1.15,1.15,1.15,1.15,1.14,1.15,1.17,1.19,1.19,1.19,1.2,1.2,1.18,1.18,1.19,1.19,1.19,1.19,1.21,1.19,1.2,1.19,1.19,1.19,1.18,1.2,1.16,1.18,1.18,1.18,1.18,1.18,1.19,1.18
TTECH,4.85,4.51,4.56,4.85,4.85,4.85,4.85,4.7,4.7,4.1,4.1,4.7,4.7,4.7,4.11,4.11,4.11,4.11,4.11,4.11,4.11,4.7,4.76,4.88,4.35,4.35,4.35,4.35,4.35,4.3,4.4,4.4,4.4,4.4,4.4,4.45,4.63,4.63,4.75,4.75,4.75,4.75,4.7,4.7,4.7,4.7,4.75,4.75,4.75,4.81,4.83,4.44,4.44,4.5,4.5,4.5,4.47,4.64,4.64,4.6,4.6,4.6,4.6,4.6,4.6,4.4,4.4,4.4,4.4,4.4,4.6,4.6,4.6,4.41,4.59,4.59,4.59,4.6,4.41,4.4,4.4,4.4,4.4,4.4,4.6,4.6,4.5,4.5,4.58,4.58,4.58,4.76,4.76,4.9,4.78,4.87,4.87,4.87,4.76,4.76,5.9
WISYNCO,16.34,16.27,16.19,16.53,16.48,16.48,16.48,16.2,16.09,16.08,15.81,16.16,16.16,16.16,16.47,16.57,16.57,16.65,16.65,16.65,16.65,16.55,15.86,16.34,16.06,16.06,16.06,16.06,16.19,16.11,15.92,16.11,16.0,16.0,16.0,15.92,16.04,15.95,15.93,15.86,15.86,15.86,15.63,15.68,15.57,15.46,15.65,15.65,15.65,15.51,15.9,15.98,15.79,15.77,15.77,15.77,15.74,15.64,15.29,15.34,15.34,15.34,15.34,15.34,15.02,15.15,15.44,15.27,15.27,15.27,15.06,14.92,15.01,15.13,15.55,15.55,15.55,15.6,15.83,15.84,15.88,15.88,15.88,15.88,15.87,15.77,15.67,15.79,15.69,15.69,15.69,15.74,15.72,15.74,15.78,15.97,15.97,15.97,15.99,15.8,15.77
138SL,4.0,3.64,4.0,4.0,4.0,4.0,4.0,3.95,4.0,4.0,3.97,4.0,4.0,4.0,4.97,5.05,5.05,5.76,7.04,7.04,7.04,6.16,6.91,6.01,6.01,5.71,5.71,5.71,5.57,5.9,5.9,6.0,5.6,5.6,5.6,5.79,5.79,5.79,5.6,5.99,5.99,5.99,5.94,5.94,5.4,5.43,6.02,6.02,6.02,6.93,6.88,5.5,5.87,5.87,5.87,5.87,5.69,5.7,5.42,5.42,5.42,5.42,5.42,5.42,5.51,5.5,5.5,5.5,5.5,5.5,5.5,5.5,5.5,5.5,5.5,5.5,5.5,5.7,5.5,5.5,5.4,5.2,5.2,5.2,5.2,5.2,5.2,5.0,5.0,5.0,5.0,5.0,5.1,5.05,4.3,5.29,5.29,5.29,4.39,5.3,5.3
AFS,22.0,21.0,21.0,21.0,21.84,21.84,21.84,21.84,21.84,21.86,21.84,21.0,21.0,21.0,20.86,20.31,20.31,20.72,20.72,20.72,20.72,20.72,23.07,20.44,21.0,21.72,21.72,21.72,23.25,22.91,20.98,20.59,20.59,20.59,20.59,20.59,20.9,20.9,20.91,20.91,20.91,20.91,21.0,19.88,19.88,20.5,20.51,20.51,20.51,20.02,20.02,19.91,19.93,20.25,20.25,20.25,20.25,20.25,22.16,22.16,22.16,22.16,22.16,22.16,19.07,22.16,22.26,22.49,22.49,22.49,22.49,22.49,22.49,19.55,20.19,20.19,20.19,21.06,20.11,21.06,21.5,21.5,21.5,21.5,21.5,21.5,21.5,21.5,21.03,21.03,21.03,22.44,22.44,22.2,22.2,22.0,22.0,22.0,21.92,21.92,21.94
BRG,13.46,13.46,13.44,13.89,13.46,13.46,13.46,13.89,13.89,13.58,13.59,12.95,12.95,12.95,13.99,13.89,13.89,13.0,13.92,13.92,13.92,13.25,13.25,13.9,13.74,14.11,14.11,14.11,14.04,13.95,13.29,14.1,13.0,13.0,13.0,13.51,13.15,13.01,13.01,13.54,13.54,13.54,13.29,13.2,13.2,13.21,13.25,13.25,13.25,13.31,13.47,13.09,13.12,13.5,13.5,13.5,13.2,13.06,13.06,13.06,13.06,13.06,13.06,13.06,12.99,12.99,13.0,13.19,13.19,13.19,12.31,12.24,13.02,13.02,12.0,12.0,12.0,13.07,11.66,11.66,13.06,12.7,12.7,12.7,12.93,13.5,13.5,13.5,12.98,12.98,12.98,13.5,13.2,12.72,13.2,13.2,13.2,13.2,12.74,13.52,13.53
CHL,6.49,6.6,7.97,8.0,7.93,7.93,7.93,7.93,7.93,7.93,8.0,8.0,8.0,8.0,7.0,6.71,6.71,6.71,7.01,7.01,7.01,7.76,8.71,8.71,8.6,8.61,8.61,8.61,8.64,7.67,7.2,7.2,7.2,7.2,7.2,8.5,8.5,8.5,8.5,8.5,8.5,8.5,8.5,8.5,8.5,8.5,8.5,8.5,8.5,8.5,8.56,8.7,8.71,8.71,8.71,8.71,8.51,8.71,8.71,8.71,8.71,8.71,8.71,8.71,7.57,8.7,8.7,8.7,8.7,8.7,8.7,8.7,8.7,8.7,8.7,8.7,8.7,8.7,8.7,8.7,8.7,8.7,8.7,8.7,8.7,8.7,8.7,8.7,8.69,8.69,8.69,8.7,7.51,7.51,7.51,7.51,7.51,7.51,7.51,7.51,7.51
CCC,59.99,59.49,60.0,58.7,60.0,60.0,60.0,59.88,59.19,60.09,59.99,62.61,62.61,62.61,61.87,61.15,61.15,61.89,62.74,62.74,62.74,62.75,63.0,62.48,62.44,62.91,62.91,62.91,70.45,68.5,66.32,68.63,68.17,68.17,68.17,66.17,66.74,66.1,69.4,68.42,68.42,68.42,69.17,68.81,67.03,69.36,69.42,69.42,69.42,68.9,64.86,66.15,66.07,65.92,65.92,65.92,67.48,67.2,69.14,70.1,70.1,70.1,70.1,70.1,70.31,72.3,71.61,71.62,71.62,71.62,71.4,73.8,73.27,69.82,71.4,71.4,71.4,69.74,73.96,74.5,74.96,74.14,74.14,74.14,73.81,74.56,77.0,88.34,88.72,88.72,88.72,78.09,85.01,88.76,89.58,89.75,89.75,89.75,89.35,89.45,87.05
CAR,6.88,6.93,6.89,6.93,6.92,6.92,6.92,6.92,6.92,6.97,6.84,6.86,6.86,6.86,7.11,7.23,7.23,7.04,7.2,7.2,7.2,7.14,7.4,7.45,7.51,7.42,7.42,7.42,7.55,7.45,7.67,7.97,8.03,8.03,8.03,8.15,8.24,8.28,8.66,9.02,9.02,9.02,9.13,9.14,9.01,8.64,8.81,8.81,8.81,8.94,8.92,8.8,8.9,8.93,8.93,8.93,8.8,8.59,8.68,8.89,8.89,8.89,8.89,8.89,8.82,8.88,8.66,8.9,8.9,8.9,8.9,8.89,8.98,9.0,9.0,9.0,9.0,8.99,8.93,8.91,8.91,8.99,8.99,8.99,9.08,9.38,9.35,9.24,9.83,9.83,9.83,9.16,9.28,9.58,9.67,9.64,9.64,9.64,9.59,9.72,9.9
DCOVE,7.93,7.93,7.5,7.95,7.4,7.4,7.4,7.86,8.0,7.01,7.05,7.05,7.05,7.05,7.01,7.5,7.5,8.0,8.0,8.0,8.0,7.72,8.05,8.05,8.0,8.0,8.0,8.0,8.0,9.0,9.0,9.0,9.25,9.25,9.25,9.35,9.35,9.35,9.21,9.21,9.21,9.21,8.01,8.01,9.15,9.15,8.45,8.45,8.45,8.45,8.91,8.91,8.5,8.45,8.45,8.45,8.03,8.1,8.1,8.1,8.1,8.1,8.1,8.1,8.05,7.95,7.6,7.52,7.52,7.52,7.52,7.52,7.52,7.81,8.0,8.0,8.0,8.0,7.95,7.9,7.9,7.9,7.9,7.9,7.9,7.9,7.9,7.9,7.9,7.9,7.9,7.9,7.51,7.93,7.93,7.93,7.93,7.93,7.99,8.0,8.0
EPLY,22.12,22.05,22.28,22.43,22.1,22.1,22.1,22.5,22.5,21.94,22.59,22.59,22.59,22.59,22.88,23.0,23.0,23.99,25.29,25.29,25.29,24.08,24.98,26.38,27.1,26.16,26.16,26.16,26.84,28.2,27.94,27.31,28.05,28.05,28.05,29.08,28.23,29.98,30.0,29.52,29.52,29.52,29.02,29.02,29.72,30.15,32.73,32.73,32.73,32.1,32.46,32.72,32.96,33.0,33.0,33.0,32.37,33.3,34.51,34.1,34.1,34.1,34.1,34.1,34.0,34.09,34.09,34.09,34.09,34.09,31.28,30.93,31.0,31.0,28.06,28.06,28.06,31.42,34.77,34.77,34.76,34.29,34.29,34.29,33.9,34.74,34.74,34.61,34.7,34.7,34.7,34.66,34.67,34.74,34.55,34.57,34.57,34.57,34.72,34.76,34.72
ECL,3.57,3.67,3.67,3.53,3.48,3.48,3.48,3.51,3.23,3.62,3.31,3.33,3.33,3.33,3.39,3.39,3.39,3.5,3.65,3.65,3.65,3.62,3.31,3.36,3.5,3.62,3.62,3.62,3.62,3.22,3.62,3.62,3.62,3.62,3.62,3.61,3.63,3.65,3.67,3.61,3.61,3.61,3.61,3.62,3.62,3.72,3.73,3.73,3.73,3.52,3.7,3.72,3.74,3.74,3.74,3.74,3.74,3.8,3.8,4.04,4.04,4.04,4.04,4.04,4.81,4.67,4.78,4.78,4.78,4.78,4.55,4.32,4.07,4.48,4.33,4.33,4.33,4.54,4.16,4.41,4.17,4.18,4.18,4.18,4.45,4.5,4.22,4.35,4.37,4.37,4.37,4.54,4.53,4.45,4.54,4.54,4.54,4.54,4.6,5.2,5.28
FTNA,5.76,5.75,5.75,5.77,5.77,5.77,5.77,5.83,6.07,6.08,6.06,6.02,6.02,6.02,6.14,6.09,6.09,6.11,6.18,6.18,6.18,6.08,6.07,6.04,6.0,5.92,5.92,5.92,5.96,5.92,5.84,5.81,5.79,5.79,5.79,5.76,5.69,5.76,5.79,5.79,5.79,5.79,5.81,5.87,5.9,5.97,5.94,5.94,5.94,5.81,5.81,5.85,5.85,5.97,5.97,5.97,5.97,5.93,5.88,5.92,5.92,5.92,5.92,5.92,5.89,5.81,5.74,5.76,5.76,5.76,5.74,5.92,5.92,5.96,5.96,5.96,5.96,5.97,5.8,5.85,5.8,5.75,5.75,5.75,5.76,5.9,5.96,5.96,5.95,5.95,5.95,5.8,5.85,5.88,5.98,6.01,6.01,6.01,6.06,6.0,6.11
FOSRICH,4.23,4.49,4.47,4.16,4.38,4.38,4.38,4.49,4.26,4.1,4.27,4.26,4.26,4.26,4.28,4.29,4.29,4.3,4.3,4.3,4.3,4.3,4.29,4.21,4.36,5.11,5.11,5.11,4.7,4.61,4.93,5.05,5.1,5.1,5.1,5.34,5.1,5.35,5.24,5.2,5.2,5.2,5.21,5.25,5.4,4.88,5.35,5.35,5.35,5.28,5.23,4.85,5.34,5.27,5.27,5.27,5.22,5.07,5.12,5.1,5.1,5.1,5.1,5.1,5.16,5.21,5.21,5.44,5.44,5.44,5.23,5.51,5.56,5.62,6.18,6.18,6.18,6.19,6.55,6.76,6.25,5.83,5.83,5.83,6.2,6.28,6.81,6.89,7.17,7.17,7.17,7.19,8.23,8.92,8.53,8.29,8.29,8.29,7.74,8.06,8.05
INDIES,2.61,2.78,2.8,2.87,2.89,2.89,2.89,2.88,2.89,2.85,2.9,2.94,2.94,2.94,2.97,3.0,3.0,3.11,3.04,3.04,3.04,3.28,3.39,3.27,3.23,3.01,3.01,3.01,3.38,3.34,3.39,3.46,3.3,3.3,3.3,3.4,3.31,3.03,3.3,3.3,3.3,3.3,3.16,3.36,3.32,3.41,3.35,3.35,3.35,3.77,4.39,4.57,4.05,3.7,3.7,3.7,3.93,3.95,3.99,3.86,3.86,3.86,3.86,3.86,4.0,4.0,4.06,4.41,4.41,4.41,4.41,4.39,4.34,4.31,4.31,4.31,4.31,4.34,4.15,4.37,4.21,4.18,4.18,4.18,4.22,4.3,4.32,4.24,4.23,4.23,4.23,4.25,4.25,4.22,4.22,4.2,4.2,4.2,4.24,4.09,4.19
JP,19.76,19.67,20.0,19.71,19.61,19.61,19.61,19.61,19.6,20.26,19.6,20.34,20.34,20.34,20.32,20.01,20.01,19.99,20.2,20.2,20.2,20.19,20.2,20.2,20.48,20.07,20.07,20.07,19.79,20.28,19.73,20.41,20.22,20.22,20.22,20.3,20.49,20.8,21.67,22.83,22.83,22.83,22.94,23.0,23.0,22.32,21.75,21.75,21.75,21.65,21.82,21.08,21.24,23.22,23.22,23.22,22.49,22.21,20.73,22.5,22.5,22.5,22.5,22.5,20.87,20.68,21.44,21.3,21.3,21.3,21.18,21.33,23.95,24.0,25.48,25.48,25.48,26.94,27.63,27.9,27.71,27.72,27.72,27.72,27.65,27.85,27.24,27.9,27.92,27.92,27.92,27.61,28.01,27.52,27.49,27.5,27.5,27.5,26.28,26.01,26.35
JSE,19.48,17.84,18.54,19.0,19.24,19.24,19.24,19.43,18.72,17.82,18.8,18.75,18.75,18.75,19.0,18.16,18.16,18.7,19.01,19.01,19.01,18.87,18.68,18.94,18.24,18.77,18.77,18.77,19.61,18.04,18.01,18.03,18.33,18.33,18.33,18.43,18.11,18.18,18.32,18.35,18.35,18.35,18.39,18.64,18.05,18.16,18.55,18.55,18.55,18.68,18.81,18.83,18.99,18.9,18.9,18.9,18.93,18.16,17.94,17.62,17.62,17.62,17.62,17.62,17.81,17.28,17.83,18.49,18.49,18.49,18.48,17.31,17.95,17.92,17.59,17.59,17.59,17.59,17.31,17.46,17.65,17.7,17.7,17.7,17.96,17.29,17.19,17.42,17.17,17.17,17.17,17.33,17.4,17.57,17.8,17.86,17.86,17.86,17.93,17.98,17.88
KLE,1.17,1.17,1.17,1.17,1.17,1.17,1.17,1.17,1.17,1.18,1.18,1.18,1.18,1.18,1.18,1.4,1.4,1.16,1.16,1.16,1.16,1.16,1.33,1.39,1.39,1.39,1.39,1.39,1.39,1.39,1.39,1.39,1.39,1.39,1.39,1.39,1.39,1.39,1.39,1.39,1.39,1.39,1.39,1.39,1.39,1.39,1.39,1.39,1.39,1.39,1.39,1.39,1.39,1.24,1.24,1.24,1.04,1.02,1.02,1.02,1.02,1.02,1.02,1.02,1.02,1.02,1.02,1.02,1.02,1.02,1.02,1.02,1.18,1.4,1.4,1.4,1.4,1.4,1.4,1.4,1.4,1.39,1.39,1.39,1.39,1.05,1.05,1.05,1.05,1.05,1.05,1.07,1.02,1.02,1.02,1.02,1.02,1.02,1.02,1.05,1.3
KEY,6.2,6.04,6.17,6.11,6.09,6.09,6.09,5.97,5.19,4.71,4.89,5.01,5.01,5.01,5.48,5.58,5.58,5.52,5.53,5.53,5.53,5.47,5.26,5.07,4.15,4.21,4.21,4.21,4.74,4.87,4.73,4.84,4.76,4.76,4.76,4.68,4.84,4.7,4.57,4.75,4.75,4.75,4.88,4.98,5.42,5.68,5.44,5.44,5.44,5.27,5.1,5.01,5.07,4.94,4.94,4.94,5.23,5.67,5.55,5.43,5.43,5.43,5.43,5.43,5.47,5.62,5.72,5.52,5.52,5.52,5.94,5.7,5.67,5.93,5.95,5.95,5.95,5.98,5.79,5.92,5.85,5.94,5.94,5.94,5.82,5.81,5.94,5.96,5.73,5.73,5.73,5.73,5.89,5.94,5.87,6.17,6.17,6.17,6.45,6.22,5.89
KPREIT,7.24,7.25,7.25,7.06,7.15,7.15,7.15,7.25,7.22,7.23,7.23,7.23,7.23,7.23,7.25,7.2,7.2,7.2,7.2,7.2,7.2,7.25,7.24,7.2,7.17,7.02,7.02,7.02,7.25,7.25,7.25,7.04,6.75,6.75,6.75,6.87,6.87,6.87,6.87,6.83,6.83,6.83,7.13,7.25,7.25,7.25,7.25,7.25,7.25,7.15,7.25,7.25,7.24,7.25,7.25,7.25,7.25,7.25,7.24,7.24,7.24,7.24,7.24,7.24,7.24,7.24,7.24,7.25,7.25,7.25,7.25,7.25,7.25,7.25,7.25,7.25,7.25,7.25,7.24,7.22,7.25,7.25,7.25,7.25,7.25,7.45,7.45,7.45,8.49,8.49,8.49,7.21,8.45,8.45,8.39,8.35,8.35,8.35,8.4,8.4,8.17
KEX,6.71,6.52,6.54,6.64,6.42,6.42,6.42,6.42,6.42,6.2,6.75,6.75,6.75,6.75,6.75,6.75,6.75,6.74,6.75,6.75,6.75,6.8,6.8,6.18,6.61,6.77,6.77,6.77,6.8,6.76,6.6,6.62,6.3,6.3,6.3,6.18,6.36,6.17,6.17,6.17,6.17,6.17,6.33,6.22,6.4,5.36,5.36,5.36,5.36,5.55,5.55,5.55,5.55,6.35,6.35,6.35,6.35,6.0,5.51,5.51,5.51,5.51,5.51,5.51,6.34,6.34,6.34,6.35,6.35,6.35,6.35,6.35,6.34,6.35,6.35,6.35,6.35,6.36,8.62,9.0,8.92,8.92,8.92,8.92,8.91,7.0,7.05,7.5,6.9,6.9,6.9,8.59,8.58,8.46,8.53,8.5,8.5,8.5,8.44,8.45,8.45
LASF,2.64,2.7,2.63,2.6,2.6,2.6,2.6,2.6,2.66,2.67,2.77,2.69,2.69,2.69,2.6,2.6,2.6,2.78,2.64,2.64,2.64,2.57,2.53,2.48,2.48,2.51,2.51,2.51,2.53,2.55,2.65,2.62,2.63,2.63,2.63,2.64,2.65,2.62,2.66,2.69,2.69,2.69,2.65,2.62,2.59,2.56,2.55,2.55,2.55,2.63,2.64,2.64,2.64,2.69,2.69,2.69,2.62,2.64,2.69,2.9,2.9,2.9,2.9,2.9,3.0,3.08,3.1,3.1,3.1,3.1,3.1,3.04,2.89,3.05,3.05,3.05,3.05,3.06,3.06,3.0,3.06,3.08,3.08,3.08,3.02,3.01,2.98,3.05,3.01,3.01,3.01,3.09,3.05,3.25,2.86,3.2,3.2,3.2,3.1,3.31,3.3
MIL,5.35,5.55,5.57,5.49,5.63,5.63,5.63,5.48,5.48,5.32,5.3,5.28,5.28,5.28,5.5,5.52,5.52,5.54,5.7,5.7,5.7,5.54,5.51,5.14,5.28,5.28,5.28,5.28,5.7,5.53,5.53,5.5,5.71,5.71,5.71,5.51,5.5,5.7,5.51,5.5,5.5,5.5,5.65,5.62,5.63,5.49,5.17,5.17,5.17,5.17,5.38,5.19,5.5,5.5,5.5,5.5,5.66,5.1,5.48,5.48,5.48,5.48,5.48,5.48,5.47,5.47,5.47,5.16,5.16,5.16,5.36,5.2,5.2,5.15,5.15,5.15,5.15,5.42,5.4,5.05,5.15,5.18,5.18,5.18,5.2,5.15,5.35,5.37,5.38,5.38,5.38,5.43,5.4,5.37,5.6,5.66,5.66,5.66,5.41,5.45,5.36
MJE,6.42,6.56,7.37,7.44,7.21,7.21,7.21,6.85,7.03,7.15,7.05,7.03,7.03,7.03,6.76,6.94,6.94,7.2,7.19,7.19,7.19,7.15,7.03,6.76,6.58,6.99,6.99,6.99,6.87,7.27,8.03,7.77,7.98,7.98,7.98,7.5,7.74,8.0,7.7,7.75,7.75,7.75,8.1,7.95,7.93,7.81,8.0,8.0,8.0,7.54,7.72,7.85,7.34,7.93,7.93,7.93,7.27,7.5,7.8,7.8,7.8,7.8,7.8,7.8,7.8,7.8,7.8,7.27,7.27,7.27,7.26,7.8,7.22,7.18,7.21,7.21,7.21,7.68,7.36,7.4,7.16,7.31,7.31,7.31,7.69,7.61,7.18,7.57,7.67,7.67,7.67,8.12,7.42,7.76,7.55,7.99,7.99,7.99,7.54,7.99,7.57
PAL,1049.97,1050.0,916.67,1100.0,905.96,905.96,905.96,1044.75,1060.0,1050.0,1050.0,1003.49,1003.49,1003.49,999.99,999.99,999.99,937.16,937.16,937.16,937.16,999.99,999.9,827.85,879.97,800.98,800.98,800.98,801.72,879.48,885.63,885.0,814.15,814.15,814.15,783.5,739.12,804.67,748.74,685.88,685.88,685.88,655.16,699.0,639.35,635.0,687.65,687.65,687.65,664.61,699.0,699.0,699.0,692.95,692.95,692.95,700.0,630.13,644.82,730.46,730.46,730.46,730.46,730.46,783.79,750.56,794.74,797.99,797.99,797.99,805.8,812.8,799.31,736.08,809.54,809.54,809.54,872.98,879.79,855.59,864.03,930.99,930.99,930.99,940.8,940.67,950.0,950.0,900.4,900.4,900.4,924.73,903.17,864.29,898.66,906.92,906.92,906.92,879.91,907.0,907.92
PJAM,64.09,66.36,64.94,65.27,64.71,64.71,64.71,64.14,66.2,65.63,68.49,67.6,67.6,67.6,67.9,68.99,68.99,65.28,66.02,66.02,66.02,65.99,65.03,64.39,63.84,63.91,63.91,63.91,64.1,64.9,64.4,66.14,65.92,65.92,65.92,63.67,65.48,64.87,64.95,63.52,63.52,63.52,63.51,67.95,64.37,66.0,64.09,64.09,64.09,63.41,63.77,63.75,65.39,66.0,66.0,66.0,64.63,64.63,63.57,62.51,62.51,62.51,62.51,62.51,62.31,62.5,62.17,62.5,62.5,62.5,62.49,62.48,62.48,62.02,62.0,62.0,62.0,62.13,61.36,63.21,63.62,63.01,63.01,63.01,66.0,64.03,65.04,64.9,64.9,64.9,64.9,64.43,61.41,63.38,63.69,64.5,64.5,64.5,64.1,64.21,64.54
PTL,1.29,1.29,1.27,1.27,1.27,1.27,1.27,1.29,1.28,1.45,1.45,1.28,1.28,1.28,1.3,1.41,1.41,1.41,1.49,1.49,1.49,1.3,1.32,1.32,1.32,1.34,1.34,1.34,1.35,1.35,1.32,1.32,1.47,1.47,1.47,1.32,1.36,1.31,1.45,1.3,1.3,1.3,1.31,1.43,1.43,1.43,1.43,1.43,1.43,1.43,1.43,1.42,1.42,1.42,1.42,1.42,1.41,1.3,1.3,1.37,1.37,1.37,1.37,1.37,1.4,1.42,1.42,1.42,1.42,1.42,1.4,1.4,1.4,1.42,1.33,1.33,1.33,1.32,1.41,1.33,1.31,1.33,1.33,1.33,1.41,1.41,1.4,1.31,1.31,1.31,1.31,1.35,1.35,1.35,1.35,1.3,1.3,1.3,1.3,1.39,1.39
PROVENUSD,0.27,0.27,0.26,0.26,0.26,0.26,0.26,0.27,0.26,0.26,0.25,0.25,0.25,0.25,0.26,0.26,0.26,0.26,0.26,0.26,0.26,0.26,0.26,0.25,0.25,0.25,0.25,0.25,0.25,0.24,0.24,0.24,0.25,0.25,0.25,0.24,0.23,0.23,0.23,0.24,0.24,0.24,0.23,0.24,0.23,0.24,0.24,0.24,0.24,0.24,0.25,0.25,0.25,0.25,0.25,0.25,0.25,0.25,0.25,0.25,0.25,0.25,0.25,0.25,0.26,0.25,0.25,0.26,0.26,0.26,0.26,0.25,0.25,0.25,0.25,0.25,0.25,0.26,0.25,0.25,0.25,0.26,0.26,0.26,0.26,0.27,0.27,0.27,0.26,0.26,0.26,0.27,0.27,0.26,0.27,0.26,0.26,0.26,0.25,0.26,0.25
PULS,4.61,5.17,5.11,4.99,4.93,4.93,4.93,4.9,4.88,4.99,4.84,4.88,4.88,4.88,4.78,4.79,4.79,4.65,4.74,4.74,4.74,4.68,4.67,4.7,4.67,4.67,4.67,4.67,4.68,4.63,4.63,4.63,4.55,4.55,4.55,4.58,4.61,4.59,4.55,4.53,4.53,4.53,4.54,4.51,4.42,4.46,4.48,4.48,4.48,4.48,4.46,4.47,4.48,4.52,4.52,4.52,4.48,4.49,4.49,4.38,4.38,4.38,4.38,4.38,4.46,4.43,4.47,4.5,4.5,4.5,4.49,4.47,4.45,4.48,4.47,4.47,4.47,4.45,4.45,4.46,4.33,4.4,4.4,4.4,4.4,4.38,4.28,4.34,4.36,4.36,4.36,4.29,4.26,4.27,4.21,4.58,4.58,4.58,4.75,4.72,4.7
SJ,49.28,50.98,49.07,49.77,52.0,52.0,52.0,51.72,49.83,50.36,50.09,50.17,50.17,50.17,50.98,51.53,51.53,50.96,50.27,50.27,50.27,51.12,51.31,50.19,50.79,51.99,51.99,51.99,51.33,51.99,50.21,49.71,48.42,48.42,48.42,49.92,49.82,49.78,49.42,47.68,47.68,47.68,48.48,48.57,48.87,48.5,48.55,48.55,48.55,49.58,49.93,50.13,48.8,49.95,49.95,49.95,49.62,49.62,50.62,51.41,51.41,51.41,51.41,51.41,51.16,50.05,50.85,49.95,49.95,49.95,49.67,49.88,50.51,50.03,50.14,50.14,50.14,49.85,49.99,50.09,50.12,50.0,50.0,50.0,50.14,50.0,50.02,49.45,50.19,50.19,50.19,47.58,49.65,48.56,49.13,49.45,49.45,49.45,49.11,49.49,49.91
XFUND,8.0,8.0,8.25,8.29,8.3,8.3,8.3,8.29,7.4,8.09,6.83,8.06,8.06,8.06,8.08,8.08,8.08,7.85,8.08,8.08,8.08,7.94,8.0,8.0,7.87,8.09,8.09,8.09,8.55,8.25,7.9,8.39,8.24,8.24,8.24,8.87,8.0,8.33,8.33,8.33,8.33,8.33,8.2,7.84,8.3,8.13,8.14,8.14,8.14,8.31,8.31,8.29,8.3,8.3,8.3,8.3,7.58,8.31,8.17,8.3,8.3,8.3,8.3,8.3,8.31,8.3,8.3,8.3,8.3,8.3,8.28,8.3,8.28,7.49,8.25,8.25,8.25,8.2,8.3,8.3,8.3,8.25,8.25,8.25,8.23,8.2,8.3,8.25,8.23,8.23,8.23,8.29,8.25,8.25,8.2,7.99,7.99,7.99,8.14,8.0,8.15
SELECTMD,0.68,0.66,0.68,0.69,0.69,0.69,0.69,0.73,0.71,0.71,0.72,0.75,0.75,0.75,0.75,0.8,0.8,0.75,0.79,0.79,0.79,0.77,0.75,0.75,0.76,0.76,0.76,0.76,0.76,0.78,0.8,0.8,0.82,0.82,0.82,0.82,0.81,0.83,0.84,0.85,0.85,0.85,0.85,0.82,0.85,0.84,0.84,0.84,0.84,0.83,0.8,0.82,0.83,0.83,0.83,0.83,0.85,0.85,0.9,0.88,0.88,0.88,0.88,0.88,0.84,0.83,0.8,0.84,0.84,0.84,0.82,0.81,0.84,0.82,0.81,0.81,0.81,0.82,0.82,0.81,0.82,0.82,0.82,0.82,0.81,0.84,0.82,0.87,0.89,0.89,0.89,0.89,0.89,0.89,0.9,0.92,0.92,0.92,0.98,0.99,0.91
SEP,64.68,71.71,71.51,71.77,70.86,70.86,70.86,69.73,67.61,66.87,65.93,67.65,67.65,67.65,67.08,65.87,65.87,66.85,67.23,67.23,67.23,67.66,68.19,68.18,68.64,68.58,68.58,68.58,69.83,69.87,69.82,69.84,68.58,68.58,68.58,69.97,71.95,70.34,72.1,70.97,70.97,70.97,71.61,71.87,73.22,71.8,71.02,71.02,71.02,70.93,70.28,70.69,71.1,69.16,69.16,69.16,71.76,70.1,69.68,73.01,73.01,73.01,73.01,73.01,73.05,72.38,71.58,73.17,73.17,73.17,73.46,73.22,74.69,75.11,75.71,75.71,75.71,79.93,82.83,81.92,82.43,82.3,82.3,82.3,81.97,82.36,81.98,79.57,79.56,79.56,79.56,77.43,79.77,78.1,77.99,70.7,70.7,70.7,73.84,74.94,77.89
SIL,3.06,3.0,3.0,3.0,3.0,3.0,3.0,3.15,3.1,3.0,3.08,3.08,3.08,3.08,3.0,3.0,3.0,3.0,3.0,3.0,3.0,3.01,3.0,2.98,2.77,3.0,3.0,3.0,2.99,3.0,3.0,2.59,2.76,2.76,2.76,3.01,2.97,2.97,2.76,2.53,2.53,2.53,2.91,2.91,2.8,2.91,2.77,2.77,2.77,2.91,2.9,2.76,2.91,2.91,2.91,2.91,2.81,2.81,2.88,2.88,2.88,2.88,2.88,2.88,2.86,2.92,2.82,2.94,2.94,2.94,2.88,2.9,2.97,2.83,2.81,2.81,2.81,2.83,3.0,2.98,2.98,2.99,2.99,2.99,3.0,2.97,2.85,2.98,2.99,2.99,2.99,2.99,2.99,2.95,2.84,2.84,2.84,2.84,2.76,2.99,2.97
SCIJMD,15.8,15.69,15.64,15.13,14.94,14.94,14.94,15.04,14.91,14.96,15.0,15.46,15.46,15.46,14.58,14.47,14.47,14.49,14.74,14.74,14.74,14.86,14.6,14.97,14.92,15.64,15.64,15.64,15.29,14.93,15.15,15.01,14.99,14.99,14.99,15.02,14.93,14.54,14.63,14.81,14.81,14.81,14.6,14.76,14.51,14.58,14.73,14.73,14.73,14.67,14.55,14.62,14.54,14.62,14.62,14.62,14.52,14.82,14.56,14.58,14.58,14.58,14.58,14.58,14.56,14.44,14.48,14.46,14.46,14.46,14.46,14.41,14.42,14.44,14.45,14.45,14.45,14.49,14.98,15.0,14.7,14.94,14.94,14.94,14.7,14.86,15.13,14.96,14.98,14.98,14.98,14.35,15.02,14.99,14.57,14.6,14.6,14.6,14.58,14.65,14.54
TJHUSD,0.01,0.01,0.01,0.01,0.01,0.01,0.01,0.01,0.01,0.01,0.01,0.01,0.01,0.01,0.01,0.01,0.01,0.01,0.01,0.01,0.01,0.01,0.01,0.01,0.01,0.01,0.01,0.01,0.01,0.01,0.01,0.01,0.01,0.01,0.01,0.01,0.01,0.01,0.01,0.01,0.01,0.01,0.01,0.01,0.01,0.01,0.01,0.01,0.01,0.01,0.01,0.01,0.01,0.01,0.01,0.01,0.01,0.01,0.01,0.01,0.01,0.01,0.01,0.01,0.01,0.01,0.01,0.01,0.01,0.01,0.01,0.01,0.01,0.01,0.01,0.01,0.01,0.01,0.01,0.01,0.01,0.01,0.01,0.01,0.01,0.01,0.01,0.01,0.01,0.01,0.01,0.01,0.01,0.01,0.01,0.01,0.01,0.01,0.01,0.01,0.01
VMIL,5.6,5.62,5.48,5.76,5.79,5.79,5.79,5.8,5.77,5.6,5.49,5.56,5.56,5.56,5.7,5.64,5.64,5.57,5.25,5.25,5.25,5.31,5.29,5.29,5.29,5.27,5.27,5.27,5.39,5.33,5.29,5.25,5.25,5.25,5.25,5.32,5.22,5.09,5.19,5.06,5.06,5.06,5.14,5.19,5.16,5.2,5.27,5.27,5.27,5.4,5.4,5.53,5.48,5.6,5.6,5.6,5.51,5.51,5.75,5.88,5.88,5.88,5.88,5.88,5.71,5.67,5.37,5.63,5.63,5.63,5.6,5.36,5.3,5.3,5.52,5.52,5.52,5.58,5.64,5.74,5.78,5.93,5.93,5.93,5.99,6.37,6.46,6.64,7.15,7.15,7.15,7.12,7.11,6.88,6.92,7.03,7.03,7.03,6.96,6.98,7.21
1834,0.99,0.99,0.99,0.99,0.92,0.92,0.92,0.92,0.92,0.91,0.91,0.92,0.92,0.92,0.92,0.98,0.98,0.92,0.98,0.98,0.98,0.98,0.99,1.26,1.22,1.2,1.2,1.2,0.95,0.93,0.93,0.96,1.1,1.1,1.1,1.13,0.98,1.0,1.09,1.08,1.08,1.08,1.08,1.08,0.99,1.05,0.97,0.97,0.97,0.97,1.0,0.99,1.0,1.07,1.07,1.07,1.01,1.0,1.1,1.12,1.12,1.12,1.12,1.12,1.0,1.0,0.97,1.0,1.0,1.0,1.0,1.0,1.0,1.0,1.0,1.0,1.0,1.0,0.98,0.95,1.0,0.96,0.96,0.96,1.0,1.0,1.0,1.0,0.99,0.99,0.99,0.95,0.95,0.91,0.95,0.96,0.96,0.96,0.98,0.96,0.99
DTL,2.5,2.49,2.49,2.5,2.48,2.48,2.48,2.5,2.6,2.6,2.59,2.59,2.59,2.59,2.57,2.61,2.61,2.61,2.61,2.61,2.61,2.61,2.53,2.57,2.57,2.56,2.56,2.56,2.54,2.57,2.53,2.48,2.54,2.54,2.54,2.5,2.53,2.55,2.56,2.55,2.55,2.55,2.53,2.54,2.55,2.57,2.6,2.6,2.6,2.52,2.54,2.58,2.58,2.59,2.59,2.59,2.57,2.57,2.54,2.55,2.55,2.55,2.55,2.55,2.58,2.57,2.57,2.56,2.56,2.56,2.55,2.55,2.55,2.58,2.58,2.58,2.58,2.56,2.57,2.55,2.53,2.55,2.55,2.55,2.54,2.53,2.57,2.55,2.54,2.54,2.54,2.53,2.51,2.55,2.53,2.53,2.53,2.53,2.54,2.59,2.58
FIRSTROCKJMD,13.1,12.93,13.21,13.35,13.5,13.5,13.5,13.67,13.71,14.96,15.18,15.5,15.5,15.5,16.0,16.05,16.05,16.04,15.62,15.62,15.62,15.2,13.94,14.85,14.91,15.17,15.17,15.17,14.94,14.82,15.29,15.8,15.95,15.95,15.95,15.99,16.07,16.17,16.02,16.0,16.0,16.0,15.71,16.02,16.21,16.26,17.1,17.1,17.1,16.59,16.7,16.85,16.73,16.72,16.72,16.72,15.98,15.57,15.49,16.6,16.6,16.6,16.6,16.6,16.33,15.9,15.94,16.01,16.01,16.01,16.29,16.11,16.23,16.08,16.07,16.07,16.07,16.02,15.96,15.9,15.9,15.9,15.9,15.9,15.94,15.96,15.89,16.33,17.46,17.46,17.46,18.94,17.5,17.49,17.37,16.38,16.38,16.38,16.01,16.38,16.77
HONBUN,6.0,5.87,5.73,5.82,5.88,5.88,5.88,5.73,5.81,5.54,5.86,5.5,5.5,5.5,5.06,5.09,5.09,5.04,5.15,5.15,5.15,5.12,5.18,5.2,5.17,5.19,5.19,5.19,5.13,5.14,5.1,5.09,5.03,5.03,5.03,5.02,5.03,5.08,5.06,5.08,5.08,5.08,5.05,5.06,5.08,5.08,5.09,5.09,5.09,5.08,5.08,5.08,5.08,5.06,5.06,5.06,5.01,5.09,5.09,5.09,5.09,5.09,5.09,5.09,5.04,5.08,5.09,5.09,5.09,5.09,5.09,5.04,5.06,5.08,5.05,5.05,5.05,5.09,5.09,5.09,5.09,5.09,5.09,5.09,5.09,5.07,5.09,5.29,5.63,5.63,5.63,5.9,5.78,5.95,6.42,6.35,6.35,6.35,6.4,6.4,6.16
JMMBGL7.50,0.75,0.69,0.74,0.75,0.73,0.73,0.73,0.79,0.8,0.78,0.78,0.79,0.79,0.79,0.77,0.74,0.74,0.74,0.73,0.73,0.73,0.74,0.74,0.74,0.74,0.74,0.74,0.74,0.74,0.74,0.74,0.74,0.74,0.74,0.74,0.74,0.74,0.74,0.7,0.7,0.7,0.7,0.7,0.7,0.7,0.7,0.7,0.7,0.7,0.7,0.7,0.7,0.7,0.7,0.7,0.7,0.69,0.69,0.71,0.74,0.74,0.74,0.74,0.74,0.78,0.78,0.78,0.78,0.78,0.78,0.72,0.68,0.72,0.72,0.72,0.72,0.72,0.72,0.72,0.72,0.73,0.73,0.73,0.73,0.78,0.73,0.73,0.78,0.77,0.77,0.77,0.78,0.76,0.76,0.76,0.78,0.78,0.78,0.75,0.75,0.75
LASD,3.18,3.15,3.35,3.25,3.37,3.37,3.37,3.18,3.26,3.23,3.45,3.5,3.5,3.5,3.53,3.8,3.8,3.64,3.69,3.69,3.69,3.66,3.65,3.7,3.77,3.7,3.7,3.7,3.74,3.57,3.65,3.6,3.73,3.73,3.73,3.65,3.67,3.75,3.68,3.8,3.8,3.8,3.85,3.77,3.83,3.87,3.91,3.91,3.91,4.12,4.05,4.12,4.1,4.12,4.12,4.12,4.22,4.09,4.1,4.1,4.1,4.1,4.1,4.1,4.0,3.98,4.0,4.0,4.0,4.0,3.76,3.78,3.76,3.75,3.99,3.99,3.99,3.99,3.83,3.99,3.95,4.0,4.0,4.0,3.82,3.83,3.94,3.98,3.82,3.82,3.82,3.94,3.86,4.22,3.86,4.0,4.0,4.0,4.18,4.3,4.35
PROVEN,37.0,37.0,37.0,37.0,37.04,37.04,37.04,38.73,38.19,37.36,37.99,37.86,37.86,37.86,37.99,37.13,37.13,37.99,37.53,37.53,37.53,37.42,37.51,37.98,36.65,37.25,37.25,37.25,39.79,37.26,38.11,35.12,34.56,34.56,34.56,33.84,34.03,34.13,33.77,33.66,33.66,33.66,33.51,33.17,32.92,32.88,33.92,33.92,33.92,33.97,34.0,34.0,34.29,34.21,34.21,34.21,34.32,34.86,34.98,34.45,34.45,34.45,34.45,34.45,34.11,34.56,35.94,35.35,35.35,35.35,35.5,35.18,35.8,36.26,36.38,36.38,36.38,36.34,37.23,37.13,37.22,37.71,37.71,37.71,37.87,37.82,37.99,37.99,37.85,37.85,37.85,38.0,38.31,38.22,37.59,38.6,38.6,38.6,37.55,38.61,38.26
SSLVC,0.53,0.54,0.55,0.55,0.55,0.55,0.55,0.55,0.55,0.55,0.54,0.54,0.54,0.54,0.55,0.52,0.52,0.5,0.52,0.52,0.52,0.55,0.54,0.55,0.55,0.57,0.57,0.57,0.67,0.58,0.58,0.67,0.64,0.64,0.64,0.6,0.59,0.64,0.64,0.55,0.55,0.55,0.63,0.63,0.62,0.59,0.61,0.61,0.61,0.6,0.59,0.58,0.58,0.58,0.58,0.58,0.56,0.56,0.6,0.6,0.6,0.6,0.6,0.6,0.6,0.61,0.61,0.55,0.55,0.55,0.62,0.63,0.62,0.58,0.62,0.62,0.62,0.62,0.62,0.62,0.58,0.58,0.58,0.58,0.5,0.55,0.62,0.61,0.65,0.65,0.65,0.69,0.65,0.58,0.63,0.64,0.64,0.64,0.64,0.64,0.64
TJH,1.35,1.35,1.33,1.33,1.31,1.31,1.31,1.31,1.37,1.38,1.36,1.35,1.35,1.35,1.34,1.32,1.32,1.32,1.35,1.35,1.35,1.37,1.38,1.38,1.37,1.33,1.33,1.33,1.33,1.33,1.38,1.38,1.38,1.38,1.38,1.38,1.38,1.39,1.38,1.38,1.38,1.38,1.38,1.38,1.38,1.35,1.35,1.35,1.35,1.33,1.34,1.38,1.38,1.38,1.38,1.38,1.38,1.39,1.38,1.38,1.38,1.38,1.38,1.38,1.38,1.34,1.36,1.35,1.35,1.35,1.33,1.37,1.38,1.38,1.38,1.38,1.38,1.38,1.38,1.38,1.38,1.38,1.38,1.38,1.38,1.35,1.33,1.33,1.34,1.34,1.34,1.34,1.35,1.36,1.35,1.34,1.34,1.34,1.33,1.33,1.33
WIG,0.74,0.74,0.75,0.75,0.75,0.75,0.75,0.75,0.74,0.74,0.73,0.72,0.72,0.72,0.73,0.73,0.73,0.74,0.74,0.74,0.74,0.72,0.74,0.73,0.72,0.7,0.7,0.7,0.7,0.67,0.66,0.66,0.67,0.67,0.67,0.65,0.65,0.65,0.64,0.64,0.64,0.64,0.64,0.64,0.64,0.63,0.65,0.65,0.65,0.64,0.65,0.65,0.64,0.64,0.64,0.64,0.64,0.63,0.63,0.63,0.63,0.63,0.63,0.63,0.63,0.63,0.64,0.65,0.65,0.65,0.63,0.63,0.63,0.64,0.65,0.65,0.65,0.64,0.64,0.64,0.63,0.63,0.63,0.63,0.64,0.64,0.64,0.65,0.64,0.64,0.64,0.65,0.65,0.65,0.63,0.64,0.64,0.64,0.64,0.66,0.65
